{
    "loss": 4.741568565368652,
    "accuracy": 0.6115108132362366
}