{
    "loss": 13.540287971496582,
    "accuracy": 0.5035971403121948
}